User,Friends
Coley,292
Kissy,291
Dione,291
Sean,12
Danamarie,9
Suzie,9
Noemie,5
Corye,3
Janith,3
Lee,3
Luster,3
Shavar,3
Montina,3
Zykeria,3
Shayma,3
Rogers,3
Jacqulin,3
Daisy,3
Jaimie,3
Clemmie,3
Eliud,3
Gary,3
Silvia,3
Tharon,3
Renelle,3
Ronald,3
Coralyn,3
Fitzgerald,3
Frank,3
Denman,3
Willa,3
Kaori,3
Felicity,3
Neftaly,3
Garnet,3
Alishia,3
Rafe,3
Christinemarie,3
Melissa,3
Isiah,3
Marieelena,3
Chris,3
Roswell,3
Marius,3
Gradyn,3
Riley,3
Kemia,3
Rinaldo,3
Debbie,3
Kaylee,3
Evanne,3
Sherell,3
Piotr,3
Tierney,3
Madgie,3
Alean,3
Maisie,3
Nickole,3
Abbe,3
Braxton,3
Tocara,3
Lorn,3
Olyvia,3
Lisanne,3
Gudrun,3
Nollie,3
Maansi,3
Kiandra,3
Suzanne,3
Roneshia,3
Nija,3
Daphne,3
Fayth,3
Dewell,3
Linette,3
Jalyssa,3
Lawyer,3
Samuel,3
Hilda,3
Dale,3
Lania,3
Deiona,3
Ayat,3
Magdalen,3
Izak,3
Jaasia,3
Mavourneen,3
Talisha,3
Zareen,3
Daniel,3
Paolo,3
Dorine,3
Chavie,3
Cherell,3
Karmyne,3
Ileta,3
Suellen,3
Tarrence,3
Beatriz,3
Phong,3
Erikia,3
Praise,3
Dessie,3
Jemima,3
Caylin,3
Tayha,3
Renee,3
Ganesh,3
Elisa,3
Cinsere,3
Miquel,3
Alric,3
Marcus,3
Chantale,3
Rajni,3
Karyl,3
Mikhael,3
Dereka,3
Emelia,3
Duwayne,3
Christopher,3
Selby,3
Beretta,3
Kaylie,3
Arminta,3
Hamzah,3
Joylynn,3
Arie,3
Tiawan,3
Tilford,3
Larina,3
Lindell,3
Harvie,3
Edwyna,3
Reve,3
Cameron,3
Latifah,3
Shelba,3
Mellody,3
Trelon,3
Willetta,3
Ruby,3
Venus,3
Jahzir,3
Darryll,3
Judah,3
Nyeisha,3
Fardowsa,3
Nakita,3
Emilia,3
Sunaina,3
Mili,3
Kollin,3
Tegan,3
Erich,3
Tytus,3
Kadin,3
Tonimarie,3
Jesus,3
Aisha,3
Surya,3
Nailah,3
Linwood,3
Judith,3
Michelle,3
Zinnia,3
Marvella,3
Thelma,3
Phylis,3
Codi,3
Brandin,3
Noel,3
Thomas,3
Butler,3
Savi,3
Rowena,3
Martha,3
Sheryl,3
Marisha,3
Ayra,3
Jaedan,3
Gweneth,3
Temera,3
Teaghan,3
Carlon,3
Edi,3
Shelise,3
Kahne,3
Annett,3
Delberta,3
Classie,3
Chancellor,3
Keith,3
Caria,3
Sadiyah,3
Sashae,3
Isabelle,3
Derwood,3
Ulric,3
Malvena,3
Karen,3
Addison,3
Sixto,3
Orena,3
Makinzie,3
Aurielle,3
Ariella,3
Evalene,3
Ervan,3
Kevontae,3
Lemon,3
Camielle,3
Iman,3
Emeric,3
Eliseo,3
Davie,3
Rafelita,3
Niel,3
Elvin,3
Idali,3
Grabiela,3
Ortencia,3
Zakariyya,3
Kalani,3
Laverne,3
Leslie,3
Percival,3
Myking,3
Arlyne,3
Miguel,3
Sujata,3
Elin,3
Ernesto,3
Sarahbeth,3
Nelta,3
Colden,3
Colt,3
Lamario,3
Vickey,3
Dawon,3
Mishaela,3
Simy,3
Kevaun,3
Etienne,3
Ashlei,3
Montez,3
Lanay,3
Sukhpreet,3
Dariela,3
Crissa,3
Cissy,3
Yukari,3
Ellen,3
Crisol,3
Lou,3
Beverlee,3
Cayli,3
Beulah,3
Pasquale,3
Mael,3
Sydelle,3
Ravon,3
Zowie,3
Saprina,3
Gillian,3
Nealie,3
Yeraldine,3
Griffith,3
Robie,3
Sonnie,3
Livia,3
Marque,3
Salimatou,3
Chudney,3
Sumaya,3
Sinjin,3
Darrel,3
Charelle,3
Quante,3
Soyini,3
Cadynce,3
Ezequiel,3
Clementine,3
Lyna,3
Anali,3
Aedan,3
Adianna,3
Wendelin,3
Pearlina,3
Drevin,3
Powell,3
Amberly,3
Niema,3
Mariyam,3
Ellese,3
Edina,3
Aris,3
Lynne,3
